{
"menuFinger": "SFX/Frogs/MenuFinger",
"menuButton": "SFX/Lobby/MenuButton",

"wipeTransition": "SFX/Lobby/WipeTransition",
"countdown1_en": "HOST/Countdown/en/Countdown1",
"countdown2_en": "HOST/Countdown/en/Countdown2",
"countdown3_en": "HOST/Countdown/en/Countdown3",
"countdown1_fr": "HOST/Countdown/fr/Countdown1",
"countdown2_fr": "HOST/Countdown/fr/Countdown2",
"countdown3_fr": "HOST/Countdown/fr/Countdown3",
"countdown1_it": "HOST/Countdown/it/Countdown1",
"countdown2_it": "HOST/Countdown/it/Countdown2",
"countdown3_it": "HOST/Countdown/it/Countdown3",
"countdown1_de": "HOST/Countdown/de/Countdown1",
"countdown2_de": "HOST/Countdown/de/Countdown2",
"countdown3_de": "HOST/Countdown/de/Countdown3",
"countdown1_es": "HOST/Countdown/es/Countdown1",
"countdown2_es": "HOST/Countdown/es/Countdown2",
"countdown3_es": "HOST/Countdown/es/Countdown3",
"countdown1_es-XL": "HOST/Countdown/es-XL/Countdown1",
"countdown2_es-XL": "HOST/Countdown/es-XL/Countdown2",
"countdown3_es-XL": "HOST/Countdown/es-XL/Countdown3",
"countdown1_ru": "HOST/Countdown/ru/Countdown1",
"countdown2_ru": "HOST/Countdown/ru/Countdown2",
"countdown3_ru": "HOST/Countdown/ru/Countdown3",
"countdown1_ua": "HOST/Countdown/ua/Countdown1",
"countdown2_ua": "HOST/Countdown/ua/Countdown2",
"countdown3_ua": "HOST/Countdown/ua/Countdown3",
"avatarPoof": "SFX/Lobby/AvatarPoof",

"hat1_en": "SFX/Frogs/Chef",
"hat2_en": "SFX/Frogs/French",
"hat3_en": "SFX/Frogs/Cowboy",
"hat4_en": "SFX/Frogs/Detective",
"hat5_en": "SFX/Frogs/Poof",
"hat6_en": "SFX/Frogs/Crown",
"hat7_en": "SFX/Frogs/Bro",
"hat8_en": "SFX/Frogs/Nitecap",
"hat9_en": "SFX/Frogs/pirate",
"hat1_fr": "SFX/Frogs/Chef",
"hat2_fr": "SFX/Frogs/French",
"hat3_fr": "SFX/Frogs/Cowboy",
"hat4_fr": "SFX/Frogs/Detective",
"hat5_fr": "SFX/Frogs/Poof",
"hat6_fr": "SFX/Frogs/Crown",
"hat7_fr": "SFX/Frogs/Bro",
"hat8_fr": "SFX/Frogs/Nitecap",
"hat9_fr": "SFX/Frogs/pirate",
"hat1_it": "SFX/Frogs/Chef",
"hat2_it": "SFX/Frogs/French",
"hat3_it": "SFX/Frogs/Cowboy",
"hat4_it": "SFX/Frogs/Detective",
"hat5_it": "SFX/Frogs/Poof",
"hat6_it": "SFX/Frogs/Crown",
"hat7_it": "SFX/Frogs/Bro",
"hat8_it": "SFX/Frogs/Nitecap",
"hat9_it": "SFX/Frogs/pirate",
"hat1_de": "SFX/Frogs/Chef",
"hat2_de": "SFX/Frogs/French",
"hat3_de": "SFX/Frogs/Cowboy",
"hat4_de": "SFX/Frogs/Detective",
"hat5_de": "SFX/Frogs/Poof",
"hat6_de": "SFX/Frogs/Crown",
"hat7_de": "SFX/Frogs/Bro",
"hat8_de": "SFX/Frogs/Nitecap",
"hat9_de": "SFX/Frogs/pirate",
"hat1_es": "SFX/Frogs/Chef",
"hat2_es": "SFX/Frogs/French",
"hat3_es": "SFX/Frogs/Cowboy",
"hat4_es": "SFX/Frogs/Detective",
"hat5_es": "SFX/Frogs/Poof",
"hat6_es": "SFX/Frogs/Crown",
"hat7_es": "SFX/Frogs/Bro",
"hat8_es": "SFX/Frogs/Nitecap",
"hat9_es": "SFX/Frogs/pirate",
"hat1_es-XL": "SFX/Frogs/Chef",
"hat2_es-XL": "SFX/Frogs/French",
"hat3_es-XL": "SFX/Frogs/Cowboy",
"hat4_es-XL": "SFX/Frogs/Detective",
"hat5_es-XL": "SFX/Frogs/Poof",
"hat6_es-XL": "SFX/Frogs/Crown",
"hat7_es-XL": "SFX/Frogs/Bro",
"hat8_es-XL": "SFX/Frogs/Nitecap",
"hat9_es-XL": "SFX/Frogs/pirate",
"hat1_ru": "SFX/Frogs/ru/Chef",
"hat2_ru": "SFX/Frogs/ru/French",
"hat3_ru": "SFX/Frogs/ru/Cowboy",
"hat4_ru": "SFX/Frogs/ru/Detective",
"hat5_ru": "SFX/Frogs/ru/Poof",
"hat6_ru": "SFX/Frogs/ru/Crown",
"hat7_ru": "SFX/Frogs/ru/Bro",
"hat8_ru": "SFX/Frogs/ru/Nitecap",
"hat9_ru": "SFX/Frogs/ru/pirate",
"hat1_ua": "SFX/Frogs/Chef",
"hat2_ua": "SFX/Frogs/French",
"hat3_ua": "SFX/Frogs/Cowboy",
"hat4_ua": "SFX/Frogs/Detective",
"hat5_ua": "SFX/Frogs/Poof",
"hat6_ua": "SFX/Frogs/Crown",
"hat7_ua": "SFX/Frogs/Bro",
"hat8_ua": "SFX/Frogs/Nitecap",
"hat9_ua": "SFX/Frogs/pirate",

"wizEnterIntro": "SFX/MAINTUTORIAL/WizardEnter",
"wizCough": "SFX/MAINTUTORIAL/Cough",
"frogRibbit": "SFX/MAINTUTORIAL/Ribbit",
"wizDiscUp": "SFX/MAINTUTORIAL/DiscUp",
"wizDiscThrow": "SFX/MAINTUTORIAL/DiscThrow",
"wizDown": "SFX/MAINTUTORIAL/WizardDown",
"wizBookOpen": "SFX/MAINTUTORIAL/BookOpen",
"threeObjects": "SFX/MAINTUTORIAL/ThreeObjects",
"frogTyping": "SFX/MAINTUTORIAL/FrogType",
"wizLaugh": "SFX/MAINTUTORIAL/WizardLaugh",
"bustSparkle": "SFX/MAINTUTORIAL/BustSparkle",
"frogEyesPop": "SFX/MAINTUTORIAL/EyesPop",
"featherHundred": "SFX/MAINTUTORIAL/Hundred",
"featherMinus": "SFX/MAINTUTORIAL/Minus",
"featherNineHundred": "SFX/MAINTUTORIAL/NineHundred",
"featherEightHundred": "SFX/MAINTUTORIAL/EightHundred",
"featherCircle": "SFX/MAINTUTORIAL/Circle",
"frogBackToHuman": "SFX/MAINTUTORIAL/BacktoHuman",


"woodDoorOpen": "SFX/Bidding/WoodDoorOpen",

"bookOn": "SFX/TUTORIAL/BookOn",
"bookOpen": "SFX/TUTORIAL/BookOpen",
"bookClose": "SFX/TUTORIAL/BookClose",
"pageFlip": "SFX/TUTORIAL/PageFlip",

"thinkBubble1": "SFX/WritingTutorial/ThinkBubble1",
"thinkBubble2": "SFX/WritingTutorial/ThinkBubble2",
"buttonPress": "SFX/WritingTutorial/ButtonPress",
"bellRing": "SFX/WritingTutorial/BellRing",
"frogJump": "SFX/WritingTutorial/FrogJump",

"bubblePop": "SFX/ShoppingTutorial/BubblePop",
"frogTongue": "SFX/ShoppingTutorial/FrogTongue",
"thinkingCloud": "SFX/ShoppingTutorial/ThinkingCloud",
"clownNose": "SFX/ShoppingTutorial/ClownNose",
"frogGiggle": "SFX/ShoppingTutorial/FrogGiggle",
"flyBuzz": "SFX/ShoppingTutorial/FlyBuzz",
"tongueSnap": "SFX/ShoppingTutorial/TongueSnap",
"chew": "SFX/ShoppingTutorial/Chew",
"unicornSurprise": "SFX/ShoppingTutorial/UnicornSurprise",

"frogFlip": "SFX/MysteryItem/FrogFlip",
"boxFall": "SFX/MysteryItem/BoxFall",
"frogReach": "SFX/MysteryItem/FrogReach",
"boxReveal": "SFX/MysteryItem/BoxReveal",
"frogReaction": "SFX/MysteryItem/FrogReaction",

"frogBlink": "SFX/AppraisalReveal/FrogBlink",
"rHappyFrog": "SFX/AppraisalReveal/RHappyFrog",
"rSadFrog_en": "SFX/AppraisalReveal/RSadFrog",
"rSadFrog_fr": "SFX/AppraisalReveal/RSadFrog",
"rSadFrog_it": "SFX/AppraisalReveal/RSadFrog",
"rSadFrog_de": "SFX/AppraisalReveal/RSadFrog",
"rSadFrog_es": "SFX/AppraisalReveal/RSadFrog",
"rSadFrog_es-XL": "SFX/AppraisalReveal/RSadFrog",
"rSadFrog_ru": "SFX/AppraisalReveal/RSadFrogRu",
"rSadFrog_ua": "SFX/AppraisalReveal/RSadFrog",
"bigPoof": "SFX/AppraisalReveal/BigPoof",
"flagDrop": "SFX/AppraisalReveal/FlagDrop",
"wandScroll": "SFX/AppraisalReveal/WandScroll",
"votesAppear": "SFX/AppraisalReveal/VotesAppear",
"dollarValue": "SFX/AppraisalReveal/DollarValue",
"minus": "SFX/AppraisalReveal/Minus",
"smush": "SFX/AppraisalReveal/Smush",
"frogAward": "SFX/AppraisalReveal/FrogAward",
"flagRaise": "SFX/AppraisalReveal/FlagRaise",

"moneyThrow": "SFX/Reactions/MoneyThrow",
"tomatoSplash": "SFX/Reactions/TomatoSplash",
"roseBouquet": "SFX/Reactions/RoseBouquet",
"accordionThrow": "SFX/Reactions/AccordionThrow",
"pie": "SFX/Reactions/Pie",
"ham": "SFX/Reactions/Ham",
"popper": "SFX/Reactions/Popper",

"wizardEnter": "SFX/Winner/WizardEnter",
"bannerIn": "SFX/Winner/BannerIn",
"pedestalUp": "SFX/Winner/PedestalUp",
"staffBang": "SFX/Winner/StaffBang",
"points": "SFX/Winner/Points",
"reaction": "SFX/Winner/Reaction",

"wizardBlink": "SFX/Wizard/WizardBlink",
"wizWritingAppear": "SFX/Wizard/WizWritingAppear",
"wizAppear1": "SFX/Wizard/Appear",
"wizAppear2": "SFX/Wizard/Appear",
"wizAppear3": "SFX/Wizard/Appear",
"wizDisappear1": "SFX/Wizard/Disappear",
"wizDisappear2": "SFX/Wizard/Disappear",
"wizDisappear3": "SFX/Wizard/Disappear",
"staffNose": "SFX/Wizard/StaffNose",

"showBanner1": "SFX/Showroom/Banner",
"showBanner2": "SFX/Showroom/Banner",
"showBanner3": "SFX/Showroom/Banner",
"column": "SFX/Showroom/Column",
"factBoard": "SFX/Showroom/FactBoard",
"factBoardFall": "SFX/Showroom/FactBoardFall",
"tipZoom": "SFX/Appraisal/TipZoom",
"poof": "SFX/Showroom/Poof",
"rollToNext": "SFX/Showroom/RolltoNext",

"bannerDown": "SFX/Voting/BannerDown",
"bannerUp": "SFX/Voting/BannerUp",
"headPop": "SFX/Voting/HeadPop",
"money": "SFX/Voting/Money",

"curtainClose": "SFX/Writing/CurtainClose",
"curtainOpen": "SFX/Writing/CurtainOpen",
"curtainClose01": "SFX/Writing/CurtainClose",
"curtainOpen01": "SFX/Writing/CurtainOpen",
"curtainClose02": "SFX/Writing/CurtainClose",
"curtainOpen02": "SFX/Writing/CurtainOpen",
"curtainClose03": "SFX/Writing/CurtainClose",
"curtainOpen03": "SFX/Writing/CurtainOpen",
"orbJoke": "SFX/Writing/OrbJokeIn",
"writingBanner": "SFX/Writing/Banner",
"playerBannerOn": "SFX/Writing/PlayerBannerOn",
"playerBannerOff": "SFX/Writing/PlayerBannerOff",

"playerAppear": "SFX/Scoreboard/PlayerAppear",
"playerDisappear": "SFX/Scoreboard/PlayerDisappear",

"shoppingBanner": "SFX/Shopping/Banner",
"finished": "SFX/Shopping/Finished",
"haggle": "SFX/Shopping/Haggle",
"discount": "SFX/Shopping/Discount",

"writingBannerIn": "SFX/Writing/BannerIn",
"shoppingBannerIn": "SFX/Shopping/BannerIn",
"writingBannerOut": "SFX/Writing/BannerOut",
"shoppingBannerOut": "SFX/Shopping/BannerOut",

"spinOn": "SFX/AppraisalReveal/SpinOn",
"spinOff": "SFX/AppraisalReveal/SpinOff",

"rackUp": "SFX/AppraisalReveal/RackUp",

"timerAppear": "SFX/Wizard/TimerAppear",
"timerDisappear": "SFX/Wizard/TimerDisappear",

"thumbActions":"SFX/Reactions/ThumbsUp"
}